<?xml version='1.0' encoding='ISO-8859-1'  ?>
<toc label="Feed Importer" version="1.0">
<topic label="About">
	<topic href="Topics/about.htm" label="About" />
	<topic href="Topics/license.htm" label="License" />
</topic>
<topic label="Using the Feed Importer">
    
	<topic label="Installing the Feed Importer" href="Topics/install.htm" />
    
	<topic label="Adjusting Rhythmyx Communities" href="Topics/comm.htm"/>
    
	<topic label= "Importing a Feed" href="Topics/importfeed.htm" />
</topic>
</toc>
